,Method,Time [s]
1,naive,357.8951721191406
4,vectorised,109.82623600959778
2,jit_func,3.3044450283050537
6,gu_jit_vectorised,3.115346908569336
5,jit_vectorised,3.1124351024627686
3,njit_par,1.1165962219238281
