,Method,Time [s]
1,naive,327.4985411167145
4,vectorised,91.6617591381073
5,jit_vectorised,3.07830810546875
2,jit_func,3.0772581100463867
6,gu_jit_vectorised,3.0734639167785645
3,njit_par,1.0518419742584229
